{
    "real_epochs": 4000.0,
    "FDR_sig_frac": 0.987,
    "FDR_HMP": 4.970316415833539e-12,
    "-ELBO": -0.7090723079004329,
    "MAE": 0.5125017812049061
}