{
    "MAE": 0.523523101551227,
    "FDR_sig_frac": 0.995,
    "FDR_HMP": 5.3465726602852e-12
}