{
    "FDR_HMP": 5.37212517999666e-12,
    "-ELBO": -0.767870265151515,
    "FDR_sig_frac": 0.994,
    "MAE": 0.523417270923521,
    "real_epochs": 2000.0
}