{
    "MAE": 0.5235231015512266,
    "FDR_HMP": 5.346572460713641e-12,
    "FDR_sig_frac": 0.995
}