{
    "-ELBO": -0.709448728354978,
    "MAE": 0.512738180916306,
    "FDR_HMP": 4.95095799655032e-12,
    "real_epochs": 4000.0,
    "FDR_sig_frac": 0.987
}