{
    "real_epochs": 4000.0,
    "-ELBO": -0.709072307900433,
    "MAE": 0.512501781204906,
    "FDR_HMP": 4.97031641583354e-12,
    "FDR_sig_frac": 0.987
}