{
    "real_epochs": 2000.0,
    "FDR_sig_frac": 0.065,
    "MAE": 1.0464020247114,
    "FDR_HMP": 2.7130128252783e-06,
    "-ELBO": -0.633926136363636
}