{
    "MAE": 1.0464020247113996,
    "FDR_HMP": 2.7130128252782964e-06,
    "-ELBO": -0.6339261363636364,
    "real_epochs": 2000.0,
    "FDR_sig_frac": 0.065
}