{
    "MAE": 0.9555470366719531,
    "FDR_HMP": 3.5663509642354744e-12,
    "FDR_sig_frac": 0.998
}