{
    "MAE": 0.4653474697231833,
    "FDR_HMP": 1.538164764075129e-11,
    "FDR_sig_frac": 0.968
}