{
    "MAE": 0.375789293540946,
    "FDR_sig_frac": 0.999,
    "FDR_HMP": 3.55045090399453e-12
}