{
    "MAE": 0.161346795733965,
    "real_epochs": 2000.0,
    "FDR_sig_frac": 0.913,
    "FDR_HMP": 1.10103135396154e-11,
    "-ELBO": -0.404150511326019
}