{
    "MAE": 0.171877778966113,
    "FDR_HMP": 3.19283205986071e-10,
    "-ELBO": -0.246521464745353,
    "real_epochs": 2000.0,
    "FDR_sig_frac": 0.958
}