{
    "MAE": 0.17187777896611328,
    "real_epochs": 2000.0,
    "-ELBO": -0.2465214647453529,
    "FDR_HMP": 3.198467765094904e-10,
    "FDR_sig_frac": 0.957
}