{
    "FDR_sig_frac": 0.916,
    "FDR_HMP": 1.04166417398683e-11,
    "MAE": 0.161333138520076
}