{
    "FDR_HMP": 1.93631049655754e-05,
    "real_epochs": 4000.0,
    "-ELBO": -1.59440953089343,
    "MAE": 1.01121762274137,
    "FDR_sig_frac": 0.044
}