{
    "real_epochs": 4000.0,
    "FDR_sig_frac": 0.044,
    "FDR_HMP": 1.7258625353990704e-05,
    "-ELBO": -1.596312698918692,
    "MAE": 1.01122200801831
}