{
    "real_epochs": 4000.0,
    "FDR_sig_frac": 0.03,
    "FDR_HMP": 0.0005968376476091453,
    "-ELBO": -1.6372578504890427,
    "MAE": 1.0258345097682044
}