{
    "MAE": 0.17608013977449682,
    "real_epochs": 2000.0,
    "-ELBO": -0.25219913841719316,
    "FDR_HMP": 7.303364103015423e-11,
    "FDR_sig_frac": 0.964
}