{
    "real_epochs": 2000.0,
    "MAE": 0.785399885388347,
    "FDR_sig_frac": 0.057,
    "FDR_HMP": 0.0033516613192839,
    "-ELBO": -0.521245362226131
}