{
    "MAE": 0.397246425715656,
    "FDR_HMP": 2.91350142236583e-12,
    "FDR_sig_frac": 1.0
}