{
    "MAE": 0.7853998853883468,
    "real_epochs": 2000.0,
    "-ELBO": -0.5212453622261315,
    "FDR_HMP": 0.00335169189655578,
    "FDR_sig_frac": 0.057
}