{
    "MAE": 0.388142039820886,
    "FDR_HMP": 2.7107404272238497e-12,
    "-ELBO": -0.581825763633456,
    "real_epochs": 4000.0,
    "FDR_sig_frac": 0.999
}