{
    "FDR_sig_frac": 1.0,
    "-ELBO": -0.635418319206781,
    "real_epochs": 2000.0,
    "MAE": 0.397367943387174,
    "FDR_HMP": 2.85372419571604e-12
}