{
    "FDR_HMP": 1.76320056690982e-11,
    "MAE": 0.629045901967056,
    "-ELBO": -0.514564369102831,
    "real_epochs": 2000.0,
    "FDR_sig_frac": 0.995
}