{
    "MAE": 0.626496983266214,
    "FDR_sig_frac": 0.997,
    "FDR_HMP": 1.58241153649786e-11
}