{
    "FDR_sig_frac": 0.992,
    "MAE": 1.5507829490175,
    "FDR_HMP": 2.78335612915005e-11
}