{
    "MAE": 1.5507829490175016,
    "FDR_HMP": 2.7833561506183372e-11,
    "FDR_sig_frac": 0.992
}