{
    "FDR_sig_frac": 0.995,
    "FDR_HMP": 6.49696784076472e-11,
    "MAE": 2.55240194640348
}