{
    "FDR_HMP": 2.8907238108382e-12,
    "MAE": 0.390768661709046,
    "FDR_sig_frac": 1.0
}