{
    "MAE": 0.6279728930113545,
    "real_epochs": 2000.0,
    "-ELBO": -0.5145365424596193,
    "FDR_HMP": 1.7535579472175385e-11,
    "FDR_sig_frac": 0.995
}