{
    "FDR_HMP": 1.75336352501399e-11,
    "MAE": 0.627972893011355,
    "FDR_sig_frac": 0.995,
    "real_epochs": 2000.0,
    "-ELBO": -0.514536542459619
}