{
    "MAE": 0.7680489738258969,
    "FDR_HMP": 1.2626739442209115e-11,
    "-ELBO": -0.4947531185031185,
    "real_epochs": 4000.0,
    "FDR_sig_frac": 0.996
}