{
    "MAE": 0.6279728930113545,
    "FDR_HMP": 1.7535584995523333e-11,
    "FDR_sig_frac": 0.995
}