{
    "MAE": 0.880767639389823,
    "FDR_sig_frac": 0.994,
    "FDR_HMP": 2.93138870476804e-11
}