{
    "MAE": 0.627972893011355,
    "FDR_sig_frac": 0.995,
    "FDR_HMP": 1.7533674222614e-11
}