{
    "MAE": 1.05480578040078,
    "FDR_sig_frac": 0.66,
    "FDR_HMP": 8.84441436548179e-11
}