{
    "MAE": 0.514212858495671,
    "FDR_HMP": 3.5427351646428566e-12,
    "FDR_sig_frac": 0.993
}