{
    "MAE": 1.7641615629023868,
    "FDR_HMP": 4.4401250408573037e-11,
    "FDR_sig_frac": 0.646
}