{
    "MAE": 0.8992523922258298,
    "FDR_HMP": 6.945230819117327e-11,
    "FDR_sig_frac": 0.843
}