{
    "FDR_sig_frac": 0.65,
    "MAE": 0.867096300423994,
    "FDR_HMP": 6.33779934107166e-11
}