{
    "MAE": 0.89925239222583,
    "real_epochs": 2000.0,
    "FDR_sig_frac": 0.843,
    "-ELBO": -0.62370542478355,
    "FDR_HMP": 6.94523115602044e-11
}