{
    "MAE": 0.900855986201299,
    "real_epochs": 2000.0,
    "-ELBO": -0.62363704004329,
    "FDR_sig_frac": 0.835,
    "FDR_HMP": 7.20327922877956e-11
}