{
    "FDR_HMP": 3.54273433808124e-12,
    "FDR_sig_frac": 0.993,
    "MAE": 0.514212858495671
}