{
    "FDR_HMP": 6.94523081911733e-11,
    "FDR_sig_frac": 0.843,
    "MAE": 0.89925239222583
}