{
    "real_epochs": 4000.0,
    "FDR_sig_frac": 0.988,
    "FDR_HMP": 5.665640075426495e-12,
    "-ELBO": -0.5785533008658008,
    "MAE": 1.474581741522366
}