{
    "MAE": 2.72070984869158,
    "FDR_sig_frac": 0.657,
    "FDR_HMP": 1.32399747011619e-10
}