{
    "FDR_sig_frac": 0.646,
    "MAE": 1.76416156290239,
    "FDR_HMP": 4.44012465227319e-11
}