{
    "-ELBO": -0.578553300865801,
    "real_epochs": 4000.0,
    "FDR_sig_frac": 0.988,
    "MAE": 1.47458174152237,
    "FDR_HMP": 5.66564007542649e-12
}