{
    "MAE": 0.8992523922258298,
    "real_epochs": 2000.0,
    "-ELBO": -0.6237054247835497,
    "FDR_HMP": 6.94523115602044e-11,
    "FDR_sig_frac": 0.843
}