{
    "MAE": 0.8992523922258298,
    "real_epochs": 2000.0,
    "-ELBO": -0.6237054247835497
}