{
    "FDR_HMP": 4.09308506279979e-12,
    "FDR_sig_frac": 0.997,
    "MAE": 0.371423705305652
}