{
    "FDR_sig_frac": 0.144,
    "MAE": 7.34875561666667,
    "FDR_HMP": 3.46468778402507e-09
}