{
    "MAE": 7.348755616666666,
    "FDR_HMP": 3.170648333137138e-09,
    "FDR_sig_frac": 0.148
}