{
    "FDR_sig_frac": 0.841,
    "FDR_HMP": 3.02922855864518e-11,
    "MAE": 0.921874836905871
}