{
    "MAE": 0.9218748369058712,
    "FDR_HMP": 2.5803927309899762e-11,
    "FDR_sig_frac": 0.823
}