{
    "FDR_sig_frac": 0.935,
    "FDR_HMP": 4.0020379974443e-11,
    "MAE": 0.95396021898485
}