{
    "MAE": 0.480887370442543,
    "FDR_sig_frac": 0.962,
    "FDR_HMP": 8.47937307655015e-12
}