{
    "-ELBO": -0.5532033381343726,
    "MAE": 0.9218748369058712,
    "FDR_HMP": 3.029228585865927e-11,
    "FDR_sig_frac": 0.841,
    "real_epochs": 2000.0
}