{
    "MAE": 0.9539602189848495,
    "FDR_HMP": 4.002037827596807e-11,
    "FDR_sig_frac": 0.935
}