{
    "FDR_sig_frac": 0.923,
    "MAE": 1.07182455540475,
    "FDR_HMP": 6.16347278295507e-11
}