{
    "MAE": 0.786835514874984,
    "FDR_sig_frac": 0.977,
    "FDR_HMP": 2.46760170640069e-11
}