{
    "-ELBO": -0.5676099078540052,
    "MAE": 0.9442897976394752,
    "FDR_HMP": 9.364871520545145e-10,
    "FDR_sig_frac": 0.747,
    "real_epochs": 2000.0
}