{
    "MAE": 0.9218748369058712,
    "FDR_HMP": 3.029228558645185e-11,
    "FDR_sig_frac": 0.841
}