{
    "MAE": 0.921874836905871,
    "FDR_HMP": 3.02922855864518e-11,
    "FDR_sig_frac": 0.841
}