{
    "FDR_HMP": 3.04438868582249e-11,
    "FDR_sig_frac": 0.976,
    "MAE": 0.823268643745734
}