{
    "MAE": 0.308123102951764,
    "FDR_HMP": 6.96267801503743e-12,
    "FDR_sig_frac": 0.997
}