{
    "FDR_sig_frac": 0.987,
    "FDR_HMP": 4.47632776622618e-12,
    "MAE": 0.42310161576647
}