{
    "FDR_HMP": 2.99953616460049e-10,
    "FDR_sig_frac": 0.883,
    "MAE": 0.15559790677863
}