{
    "FDR_HMP": 1.8111143178712e-11,
    "MAE": 0.487448819509164,
    "FDR_sig_frac": 0.943
}