{
    "MAE": 9.895411155555555,
    "FDR_HMP": 2.366936623983952e-09,
    "-ELBO": -1.7023078333333332,
    "real_epochs": 4000.0,
    "FDR_sig_frac": 0.2
}