{
    "MAE": 9.895411155555555,
    "real_epochs": 4000.0,
    "-ELBO": -1.7023078333333332,
    "FDR_HMP": 2.4276227794413424e-09,
    "FDR_sig_frac": 0.209
}