{
    "-ELBO": -0.9373059432127164,
    "MAE": 0.31443805465303426,
    "FDR_HMP": 3.2016832157452906e-09,
    "FDR_sig_frac": 0.682,
    "real_epochs": 1000.0
}