{
    "-ELBO": -1.285303628623585,
    "MAE": 0.4301930137952266,
    "FDR_HMP": 4.322256254161434e-12,
    "FDR_sig_frac": 0.963,
    "real_epochs": 1000.0
}