{
    "MAE": 0.8773290847714297,
    "FDR_HMP": 2.9008179348936148e-11,
    "FDR_sig_frac": 0.76
}