{
    "MAE": 0.430193013795227,
    "FDR_HMP": 4.32225618320848e-12,
    "FDR_sig_frac": 0.963
}