{
    "FDR_HMP": 1.95948680389769e-11,
    "FDR_sig_frac": 0.955,
    "MAE": 1.36598958862797
}