{
    "MAE": 0.31443805465303426,
    "real_epochs": 1000.0,
    "-ELBO": -0.9373059432127164,
    "FDR_HMP": 3.166481604505868e-09,
    "FDR_sig_frac": 0.68
}