{
    "FDR_sig_frac": 0.971,
    "FDR_HMP": 1.77825854898111e-11,
    "MAE": 0.488480898721096
}