{
    "FDR_HMP": 2.90081794187046e-11,
    "FDR_sig_frac": 0.76,
    "MAE": 0.87732908477143
}