{
    "FDR_sig_frac": 0.988,
    "MAE": 0.422449021265325,
    "FDR_HMP": 4.17301928821601e-12
}