{
    "MAE": 0.4301930137952266,
    "FDR_HMP": 4.322256183208479e-12,
    "FDR_sig_frac": 0.963
}