{
    "MAE": 0.87732908477143,
    "FDR_HMP": 2.90096083305412e-11,
    "FDR_sig_frac": 0.758
}