{
    "FDR_HMP": 4.66956620013857e-12,
    "FDR_sig_frac": 0.992,
    "MAE": 0.402887869241024
}