{
    "MAE": 0.9660934077418276,
    "FDR_HMP": 1.0091715270784683e-10,
    "FDR_sig_frac": 0.318
}