{
    "FDR_HMP": 3.39696133778794e-11,
    "MAE": 0.508302100576875,
    "FDR_sig_frac": 0.914
}