{
    "MAE": 0.206324595995864,
    "FDR_sig_frac": 0.939,
    "FDR_HMP": 2.03508938147781e-11
}