{
    "MAE": 0.155563493367409,
    "FDR_sig_frac": 0.946,
    "FDR_HMP": 1.83718855495429e-11
}