{
    "MAE": 0.155686632388138,
    "FDR_HMP": 7.36701004289444e-12,
    "FDR_sig_frac": 0.978
}