{
    "MAE": 0.206324595995864,
    "FDR_sig_frac": 0.938,
    "FDR_HMP": 2.03651601622683e-11
}