{
    "-ELBO": -182833493.538462,
    "real_epochs": 1000.0,
    "MAE": 0.155686632388138,
    "FDR_sig_frac": 0.978,
    "FDR_HMP": 7.36742640976806e-12
}