{
    "MAE": 0.15568663238813843,
    "FDR_HMP": 7.367208634580546e-12,
    "FDR_sig_frac": 0.978
}