{
    "MAE": 0.15568663238813843,
    "real_epochs": 1000.0,
    "-ELBO": -182833493.53846154,
    "FDR_HMP": 7.36721584014248e-12,
    "FDR_sig_frac": 0.978
}