{
    "MAE": 0.20632459599586386,
    "FDR_HMP": 2.0358866724520612e-11,
    "FDR_sig_frac": 0.939
}