{
    "MAE": 0.158744492855522,
    "FDR_HMP": 2.69953147574071e-11,
    "FDR_sig_frac": 0.941
}