{
    "MAE": 0.150257402718561,
    "FDR_HMP": 7.93490928823499e-12,
    "FDR_sig_frac": 0.979
}