{
    "MAE": 0.285724483202989,
    "FDR_sig_frac": 0.788,
    "FDR_HMP": 1.93985180369316e-09
}