{
    "MAE": 0.187233304520079,
    "FDR_sig_frac": 0.978,
    "FDR_HMP": 2.27905546613464e-11
}