{
    "MAE": 0.9520787511626921,
    "FDR_HMP": 3.065098401844597e-12,
    "FDR_sig_frac": 0.998
}