{
    "FDR_HMP": 6.87430949365529e-11,
    "FDR_sig_frac": 0.756,
    "MAE": 2.22839462777778
}