{
    "FDR_sig_frac": 0.996,
    "FDR_HMP": 2.828430952327e-12,
    "MAE": 0.382422013332568
}