{
    "real_epochs": 979.0,
    "FDR_sig_frac": 0.995,
    "FDR_HMP": 8.138723389029084e-12,
    "-ELBO": -0.24085877515296247,
    "MAE": 0.16451794282317328
}