{
    "FDR_sig_frac": 0.994,
    "FDR_HMP": 8.69836095027181e-12,
    "MAE": 0.208279389296284
}