{
    "real_epochs": 4000.0,
    "FDR_sig_frac": 0.031,
    "FDR_HMP": 2.12511239290096e-08,
    "-ELBO": -52.09072463328122,
    "MAE": 1205669.793844083
}