{
    "real_epochs": 1708.0,
    "FDR_HMP": 1.34074155717943e-11,
    "-ELBO": -0.240515673528803,
    "MAE": 0.203697068542259,
    "FDR_sig_frac": 0.995
}