{
    "FDR_sig_frac": 0.994,
    "FDR_HMP": 1.34094314793785e-11,
    "MAE": 0.203661303792626
}