{
    "MAE": 0.915576703016933,
    "FDR_sig_frac": 0.915,
    "FDR_HMP": 1.59835737674216e-09
}