{
    "real_epochs": 4000.0,
    "FDR_sig_frac": 0.733,
    "FDR_HMP": 7.229707149123433e-10,
    "-ELBO": -4.881345474647196,
    "MAE": 118683.91693745753
}