{
    "FDR_sig_frac": 0.914,
    "MAE": 0.915576703016933,
    "FDR_HMP": 1.59619679851363e-09
}