{
    "MAE": 0.2036613037926264,
    "FDR_HMP": 1.3416330289532999e-11,
    "FDR_sig_frac": 0.994
}