{
    "-ELBO": -0.240527862324219,
    "MAE": 0.203661303792626,
    "FDR_sig_frac": 0.994,
    "real_epochs": 1712.0,
    "FDR_HMP": 1.34335774570854e-11
}