{
    "MAE": 0.304383169569476,
    "FDR_HMP": 6.8459145055646e-11,
    "FDR_sig_frac": 0.985
}