{
    "FDR_sig_frac": 0.731,
    "MAE": 133604.09225948,
    "-ELBO": -5.51617850944437,
    "real_epochs": 4000.0,
    "FDR_HMP": 7.75253956189424e-10
}