{
    "FDR_HMP": 2.28329971086234e-11,
    "FDR_sig_frac": 0.95,
    "MAE": 0.160461369362006
}