{
    "-ELBO": -0.240527862324219,
    "MAE": 0.2036613037926264,
    "FDR_HMP": 1.341619313816701e-11,
    "FDR_sig_frac": 0.994,
    "real_epochs": 1712.0
}