{
    "MAE": 0.20777038872138592,
    "real_epochs": 1385.0,
    "-ELBO": -0.24642895092369113,
    "FDR_HMP": 6.672157717138753e-12,
    "FDR_sig_frac": 0.996
}