{
    "MAE": 0.9155767030169326,
    "FDR_HMP": 1.5966203391373568e-09,
    "FDR_sig_frac": 0.914
}