{
    "MAE": 0.2902362570194611,
    "FDR_HMP": 1.2572809936950342e-10,
    "FDR_sig_frac": 0.799
}