{
    "FDR_sig_frac": 0.798,
    "MAE": 0.290236257019461,
    "FDR_HMP": 1.25750481987921e-10
}