{
    "MAE": 0.187225321898073,
    "FDR_HMP": 1.24911755134759e-11,
    "FDR_sig_frac": 0.978
}