{
    "FDR_HMP": 3.54530744342149e-11,
    "MAE": 0.179633044929217,
    "FDR_sig_frac": 0.96
}