{
    "MAE": 0.201534053975905,
    "FDR_HMP": 2.47744618988274e-10,
    "FDR_sig_frac": 0.936
}