{
    "FDR_sig_frac": 0.798,
    "FDR_HMP": 1.26668360818875e-10,
    "MAE": 0.290236257019461
}