{
    "MAE": 0.1876370822078156,
    "FDR_HMP": 1.8325559709618445e-11,
    "FDR_sig_frac": 0.979
}