{
    "MAE": 0.187637082207816,
    "FDR_sig_frac": 0.988,
    "FDR_HMP": 1.78805707279348e-11
}