{
    "-ELBO": -72715247.2,
    "MAE": 0.1876370822078156,
    "FDR_HMP": 1.8333030906318375e-11,
    "FDR_sig_frac": 0.979,
    "real_epochs": 1000.0
}