{
    "MAE": 0.399311542170158,
    "FDR_sig_frac": 0.941,
    "FDR_HMP": 3.20733602106868e-11
}