{
    "MAE": 9.084309294444445,
    "FDR_HMP": 1.223623037179409e-10,
    "-ELBO": -1.6464461666666668,
    "real_epochs": 2786.0,
    "FDR_sig_frac": 0.599
}