{
    "MAE": 9.084309294444445,
    "real_epochs": 2786.0,
    "-ELBO": -1.6464461666666668,
    "FDR_HMP": 1.2331505221731361e-10,
    "FDR_sig_frac": 0.596
}