{
    "-ELBO": -0.9092934969035932,
    "MAE": 0.29600671132732154,
    "FDR_HMP": 7.114115202502107e-10,
    "FDR_sig_frac": 0.831,
    "real_epochs": 1000.0
}