{
    "FDR_HMP": 5.29020882204213e-12,
    "FDR_sig_frac": 0.985,
    "MAE": 0.311578999280058
}