{
    "MAE": 0.5014317521264966,
    "FDR_HMP": 6.327124691313578e-10,
    "FDR_sig_frac": 0.754
}