{
    "FDR_HMP": 9.57394033112844e-12,
    "MAE": 0.315740311145479,
    "FDR_sig_frac": 0.997
}