{
    "MAE": 0.31157899928005756,
    "FDR_HMP": 5.290208822042126e-12,
    "FDR_sig_frac": 0.985
}