{
    "FDR_sig_frac": 0.843,
    "FDR_HMP": 1.40056071692665e-10,
    "MAE": 0.78309687724982
}