{
    "MAE": 0.29600671132732154,
    "real_epochs": 1000.0,
    "-ELBO": -0.9092934969035932,
    "FDR_HMP": 7.060356189048716e-10,
    "FDR_sig_frac": 0.832
}