{
    "FDR_HMP": 6.32712474043542e-10,
    "MAE": 0.501431752126497,
    "FDR_sig_frac": 0.754
}