{
    "MAE": 0.308032609791217,
    "FDR_sig_frac": 0.99,
    "FDR_HMP": 6.17347965930962e-12
}