{
    "MAE": 0.285255758276521,
    "FDR_HMP": 6.86761140519995e-12,
    "FDR_sig_frac": 0.986
}