{
    "MAE": 0.50783553841652,
    "FDR_sig_frac": 0.956,
    "FDR_HMP": 4.02767419504582e-11
}