{
    "FDR_HMP": 9.26067113268929e-11,
    "MAE": 0.860759047099473,
    "FDR_sig_frac": 0.966
}