{
    "-ELBO": -1.1915168038925739,
    "MAE": 0.3862057854219109,
    "FDR_HMP": 2.9486358929217225e-12,
    "FDR_sig_frac": 0.997,
    "real_epochs": 1000.0
}