{
    "FDR_sig_frac": 0.997,
    "FDR_HMP": 2.94863591739726e-12,
    "MAE": 0.386205785421911
}