{
    "FDR_HMP": 2.65862483044198e-12,
    "MAE": 0.381873488560919,
    "FDR_sig_frac": 0.995
}