{
    "FDR_HMP": 2.55434174197307e-11,
    "MAE": 0.518942761166543,
    "FDR_sig_frac": 0.971
}