{
    "MAE": 0.3862057854219109,
    "FDR_HMP": 2.94863591739726e-12,
    "FDR_sig_frac": 0.997
}