{
    "MAE": 0.357966677883659,
    "FDR_sig_frac": 0.998,
    "FDR_HMP": 4.86266011573736e-12
}