{
    "FDR_HMP": 2.55434174197307e-11,
    "FDR_sig_frac": 0.971,
    "MAE": 0.518942761166543
}