{
    "MAE": 0.5189427611665435,
    "FDR_HMP": 2.5543417197141385e-11,
    "FDR_sig_frac": 0.971
}