{
    "FDR_HMP": 3.39096586104729e-12,
    "MAE": 0.344475405747402,
    "FDR_sig_frac": 0.997
}